temperature,prompt_variant,agreement_s1,agreement_s2,error_rate_pairwise,position_p_first,position_p_second,position_bias,position_abs_bias,single_answer_score_a_mean,single_answer_score_a_std,single_answer_score_b_mean,single_answer_score_b_std,error_rate_single_answer,single_answer_kendall_tau,single_answer_spearman_rho,n_samples
0.0,baseline,0.4,0.0,0.0,1.0,0.0,1.0,0.5,7.8,1.0327955589886446,7.2,2.780887148615228,0.0,0.6172133998483676,0.6454972243679029,30
0.0,cot,0.4,0.0,0.0,0.8,0.2,0.6000000000000001,0.30000000000000004,7.8,1.5491933384829668,7.0,2.9059326290271157,0.0,-0.1666666666666667,-0.16666666666666669,30
0.5,baseline,0.4,0.0,0.0,1.0,0.0,1.0,0.5,8.0,0.6666666666666666,7.2,2.780887148615228,0.0,0.6172133998483676,0.6454972243679029,30
0.5,cot,0.4,0.0,0.0,0.9,0.1,0.8,0.4,7.8,1.5491933384829668,7.0,2.9059326290271157,0.0,-0.1666666666666667,-0.16666666666666669,30
1.0,baseline,0.4,0.0,0.0,1.0,0.0,1.0,0.5,8.0,1.1547005383792515,7.1,2.766867462592951,0.0,0.5773502691896257,0.6085806194501846,30
1.0,cot,0.4,0.0,0.0,0.8,0.2,0.6000000000000001,0.30000000000000004,7.7,1.4944341180973262,7.0,2.9059326290271157,0.0,-0.3032392174315614,-0.3142696805273545,30
