temperature,judge_type,agreement_s1,agreement_s2,error_rate_pairwise,position_p_first,position_p_second,position_bias,position_abs_bias,n_samples,single_answer_score_a_mean,single_answer_score_a_std,single_answer_score_b_mean,single_answer_score_b_std,error_rate_single_answer,single_answer_kendall_tau,single_answer_spearman_rho
0.0,pairwise,0.4,0.0,0.0,0.8888888888888888,0.1111111111111111,0.7777777777777777,0.38888888888888884,20,,,,,,,
0.0,single_answer,,,,,,,,40,7.8,1.2814465510343749,7.1,2.7701415506299165,0.0,0.1421338109037403,0.15058465048420852
0.5,pairwise,0.4,0.0,0.0,0.9444444444444444,0.05555555555555555,0.8888888888888888,0.4444444444444444,20,,,,,,,
0.5,single_answer,,,,,,,,40,7.9,1.1652874052533588,7.1,2.7701415506299165,0.0,0.10350983390135314,0.1118033988749895
1.0,pairwise,0.4,0.0,0.0,0.8888888888888888,0.1111111111111111,0.7777777777777777,0.38888888888888884,20,,,,,,,
1.0,single_answer,,,,,,,,40,7.85,1.3088765773505315,7.05,2.762054917705485,0.0,0.08986064433619868,0.09496714704969829
