temperature,agreement_s1,agreement_s2,error_rate_pairwise,position_p_first,position_p_second,position_bias,position_abs_bias,single_answer_score_a_mean,single_answer_score_a_std,single_answer_score_b_mean,single_answer_score_b_std,error_rate_single_answer,single_answer_kendall_tau,single_answer_spearman_rho,n_samples
0.0,0.4,0.0,0.0,0.8888888888888888,0.1111111111111111,0.7777777777777777,0.38888888888888884,7.8,1.2814465510343749,7.1,2.7701415506299165,0.0,0.1421338109037403,0.15058465048420852,60
0.5,0.4,0.0,0.0,0.8888888888888888,0.1111111111111111,0.7777777777777777,0.38888888888888884,7.85,1.3088765773505315,7.05,2.762054917705485,0.0,0.21566554640687685,0.22792115291927595,60
1.0,0.4,0.0,0.0,0.9444444444444444,0.05555555555555555,0.8888888888888888,0.4444444444444444,7.85,1.2258187382102497,7.1,2.7701415506299165,0.0,0.0,0.0,60
